insert into ALUNO(ID_ALUNO, NOME, ENDERECO, MATRICULA, CR) VALUES(1, "CAIQUE DA SILVA MACHADO", "RUA MANOEL JOSE DA SILVA", "15113050290", 7);
insert into ALUNO(ID_ALUNO, NOME, ENDERECO, MATRICULA, CR) VALUES(2, "CAIQUE DA SILVA MACHADO", "RUA MANOEL JOSE DA SILVA", "15113050291", 7);
insert into ALUNO(ID_ALUNO, NOME, ENDERECO, MATRICULA, CR) VALUES(3, "CAIQUE DA SILVA MACHADO", "RUA MANOEL JOSE DA SILVA", "15113050292", 7);
insert into ALUNO(ID_ALUNO, NOME, ENDERECO, MATRICULA, CR) VALUES(4, "CAIQUE DA SILVA MACHADO", "RUA MANOEL JOSE DA SILVA", "15113050293", 7);
insert into ALUNO(ID_ALUNO, NOME, ENDERECO, MATRICULA, CR) VALUES(5, "CAIQUE DA SILVA MACHADO", "RUA MANOEL JOSE DA SILVA", "15113050294", 7);
insert into ALUNO(ID_ALUNO, NOME, ENDERECO, MATRICULA, CR) VALUES(6, "CAIQUE DA SILVA MACHADO", "RUA MANOEL JOSE DA SILVA", "15113050295", 7);
insert into ALUNO(ID_ALUNO, NOME, ENDERECO, MATRICULA, CR) VALUES(7, "CAIQUE DA SILVA MACHADO", "RUA MANOEL JOSE DA SILVA", "15113050296", 7);
insert into ALUNO(ID_ALUNO, NOME, ENDERECO, MATRICULA, CR) VALUES(8, "CAIQUE DA SILVA MACHADO", "RUA MANOEL JOSE DA SILVA", "15113050297", 7);
insert into ALUNO(ID_ALUNO, NOME, ENDERECO, MATRICULA, CR) VALUES(9, "CAIQUE DA SILVA MACHADO", "RUA MANOEL JOSE DA SILVA", "15113050298", 7);
insert into ALUNO(ID_ALUNO, NOME, ENDERECO, MATRICULA, CR) VALUES(10, "CAIQUE DA SILVA MACHADO", "RUA MANOEL JOSE DA SILVA", "15113050299", 7);
INSERT INTO ALUNO(ID_ALUNO, NOME, ENDERECO, MATRICULA, CR) VALUES(11, "ALUNO11","RUA11","15113050210",8);
INSERT INTO ALUNO(ID_ALUNO, NOME, ENDERECO, MATRICULA, CR) VALUES(12, "ALUNO11","RUA11","15113050212",9);
INSERT INTO ALUNO(ID_ALUNO, NOME, ENDERECO, MATRICULA, CR) VALUES(13, "ALUNO11","RUA11","15113050213",7);
INSERT INTO ALUNO(ID_ALUNO, NOME, ENDERECO, MATRICULA, CR) VALUES(14, "ALUNO11","RUA11","15113050214",6);
INSERT INTO ALUNO(ID_ALUNO, NOME, ENDERECO, MATRICULA, CR) VALUES(15, "ALUNO11","RUA11","15113050225",6);
INSERT INTO ALUNO(ID_ALUNO, NOME, ENDERECO, MATRICULA, CR) VALUES(16, "ALUNO11","RUA11","15113050216",7);
INSERT INTO ALUNO(ID_ALUNO, NOME, ENDERECO, MATRICULA, CR) VALUES(17, "ALUNO11","RUA11","15113050217",8);
INSERT INTO ALUNO(ID_ALUNO, NOME, ENDERECO, MATRICULA, CR) VALUES(18, "ALUNO11","RUA11","15113050218",9);
INSERT INTO ALUNO(ID_ALUNO, NOME, ENDERECO, MATRICULA, CR) VALUES(19, "ALUNO11","RUA11","15113050219",9);
INSERT INTO ALUNO(ID_ALUNO, NOME, ENDERECO, MATRICULA, CR) VALUES(20, "ALUNO11","RUA11","15113050220",8);
INSERT INTO ALUNO(ID_ALUNO, NOME, ENDERECO, MATRICULA, CR) VALUES(21, "ALUNO11","RUA11","15113050221",8);
INSERT INTO ALUNO(ID_ALUNO, NOME, ENDERECO, MATRICULA, CR) VALUES(22, "ALUNO11","RUA11","15113050222",7);
INSERT INTO ALUNO(ID_ALUNO, NOME, ENDERECO, MATRICULA, CR) VALUES(23, "ALUNO11","RUA11","15113050223",6);
INSERT INTO ALUNO(ID_ALUNO, NOME, ENDERECO, MATRICULA, CR) VALUES(24, "ALUNO11","RUA11","15113050224",7);
INSERT INTO ALUNO(ID_ALUNO, NOME, ENDERECO, MATRICULA, CR) VALUES(25, "ALUNO11","RUA11","15113050226",6);
INSERT INTO ALUNO(ID_ALUNO, NOME, ENDERECO, MATRICULA, CR) VALUES(26, "ALUNO11","RUA11","15113050227",6);
INSERT INTO ALUNO(ID_ALUNO, NOME, ENDERECO, MATRICULA, CR) VALUES(27, "ALUNO11","RUA11","15113050228",8);
INSERT INTO ALUNO(ID_ALUNO, NOME, ENDERECO, MATRICULA, CR) VALUES(28, "ALUNO11","RUA11","15113050228",8);
INSERT INTO ALUNO(ID_ALUNO, NOME, ENDERECO, MATRICULA, CR) VALUES(29, "ALUNO11","RUA11","15113050228",5);
INSERT INTO ALUNO(ID_ALUNO, NOME, ENDERECO, MATRICULA, CR) VALUES(30, "ALUNO11","RUA11","15113050229",8);
INSERT INTO ALUNO(ID_ALUNO, NOME, ENDERECO, MATRICULA, CR) VALUES(31, "ALUNO11","RUA11","15113050230",8);
INSERT INTO ALUNO(ID_ALUNO, NOME, ENDERECO, MATRICULA, CR) VALUES(32, "ALUNO11","RUA11","15113050231",9);
INSERT INTO ALUNO(ID_ALUNO, NOME, ENDERECO, MATRICULA, CR) VALUES(33, "ALUNO11","RUA11","15113050232",7);
INSERT INTO ALUNO(ID_ALUNO, NOME, ENDERECO, MATRICULA, CR) VALUES(34, "ALUNO12","RUA12","15113050233",4);
INSERT INTO ALUNO(ID_ALUNO, NOME, ENDERECO, MATRICULA, CR) VALUES(35, "ALUNO13","RUA13","15113050233",3);
INSERT INTO PROFESSOR(ID_PROFESSOR, NOME, ENDERECO, SIAPE, MATRICULA_UFF) VALUES(1, "PROFESSOR1","ENDERECO1","SIAPE1", "101");
INSERT INTO PROFESSOR(ID_PROFESSOR, NOME, ENDERECO, SIAPE, MATRICULA_UFF) VALUES(2, "PROFESSOR2","ENDERECO2","SIAPE2", "102");
INSERT INTO PROFESSOR(ID_PROFESSOR, NOME, ENDERECO, SIAPE, MATRICULA_UFF) VALUES(3, "PROFESSOR3","ENDERECO3","SIAPE3", "103");
INSERT INTO PROFESSOR(ID_PROFESSOR, NOME, ENDERECO, SIAPE, MATRICULA_UFF) VALUES(4, "PROFESSOR4","ENDERECO4","SIAPE4", "104");
INSERT INTO PROFESSOR(ID_PROFESSOR, NOME, ENDERECO, SIAPE, MATRICULA_UFF) VALUES(5, "PROFESSOR5","ENDERECO5","SIAPE5", "105");
INSERT INTO PROFESSOR(ID_PROFESSOR, NOME, ENDERECO, SIAPE, MATRICULA_UFF) VALUES(6, "PROFESSOR6","ENDERECO6","SIAPE6", "106");
INSERT INTO PROFESSOR(ID_PROFESSOR, NOME, ENDERECO, SIAPE, MATRICULA_UFF) VALUES(7, "PROFESSOR7","ENDERECO7","SIAPE7", "107");
INSERT INTO PROFESSOR(ID_PROFESSOR, NOME, ENDERECO, SIAPE, MATRICULA_UFF) VALUES(8, "PROFESSOR8","ENDERECO8","SIAPE8", "108");
INSERT INTO PROFESSOR(ID_PROFESSOR, NOME, ENDERECO, SIAPE, MATRICULA_UFF) VALUES(9, "PROFESSOR9","ENDERECO9","SIAPE9", "109");
INSERT INTO DISCIPLINA(ID_DISCIPLINA, TITULO, TIPO, ID_PROFESSOR) VALUES(1, "MATEMATICA PARA COMPUTACAO", "OBRIGATORIA", 1);
INSERT INTO DISCIPLINA(ID_DISCIPLINA, TITULO, TIPO, ID_PROFESSOR) VALUES(2, "PROGRAMACAO DE APLICACOES WEB", "OBRIGATORIA", 2);
INSERT INTO DISCIPLINA(ID_DISCIPLINA, TITULO, TIPO, ID_PROFESSOR) VALUES(3, "ANALISE DE SISTEMAS", "OBRIGATORIA", 5);
INSERT INTO DISCIPLINA(ID_DISCIPLINA, TITULO, TIPO, ID_PROFESSOR) VALUES(4, "MATEMATICA PARA COMPUTACAO", "OBRIGATORIA", 1);
INSERT INTO DISCIPLINA(ID_DISCIPLINA, TITULO, TIPO, ID_PROFESSOR) VALUES(5, "MATEMATICA PARA COMPUTACAO", "OBRIGATORIA", 3);
INSERT INTO DISCIPLINA(ID_DISCIPLINA, TITULO, TIPO, ID_PROFESSOR) VALUES(6, "ENGENHARIA DE SOFTWARE", "OBRIGATORIA", 4);
INSERT INTO DISCIPLINA(ID_DISCIPLINA, TITULO, TIPO, ID_PROFESSOR) VALUES(7, "REDE DE COMPUTADORES 1", "OBRIGATORIA", 6);
INSERT INTO DISCIPLINA(ID_DISCIPLINA, TITULO, TIPO, ID_PROFESSOR) VALUES(8, "REDE DE COMPUTADORES 1", "OBRIGATORIA", 7);
INSERT INTO DISCIPLINA(ID_DISCIPLINA, TITULO, TIPO, ID_PROFESSOR) VALUES(9, "REDE DE COMPUTADORES 2", "OBRIGATORIA", 7);
INSERT INTO DISCIPLINA(ID_DISCIPLINA, TITULO, TIPO, ID_PROFESSOR) VALUES(10, "SISTEMAS OPERACIONAIS", "OBRIGATORIA", 9);
INSERT INTO DISCIPLINA(ID_DISCIPLINA, TITULO, TIPO, ID_PROFESSOR) VALUES(11, "PROBABILIDADE E ESTATISTICA", "OBRIGATORIA", 8);
INSERT INTO DISCIPLINA(ID_DISCIPLINA, TITULO, TIPO, ID_PROFESSOR) VALUES(12, "FISICA PARA COMPUTACAO", "OBRIGATORIA", 8);
INSERT INTO TURMA(ID_TURMA, ID_DISCIPLINA, ANO, NUMERO_DE_VAGAS, PERIODO) VALUES(1, 1, "2016", 10, "2");
INSERT INTO TURMA(ID_TURMA, ID_DISCIPLINA, ANO, NUMERO_DE_VAGAS, PERIODO) VALUES(2, 1, "2017", 10, "1");
INSERT INTO TURMA(ID_TURMA, ID_DISCIPLINA, ANO, NUMERO_DE_VAGAS, PERIODO) VALUES(3, 2, "2017", 10, "1");
INSERT INTO TURMA(ID_TURMA, ID_DISCIPLINA, ANO, NUMERO_DE_VAGAS, PERIODO) VALUES(4, 2, "2016", 10, "2");
INSERT INTO TURMA(ID_TURMA, ID_DISCIPLINA, ANO, NUMERO_DE_VAGAS, PERIODO) VALUES(5, 2, "2017", 10, "1");
INSERT INTO TURMA(ID_TURMA, ID_DISCIPLINA, ANO, NUMERO_DE_VAGAS, PERIODO) VALUES(6, 3, "2017", 10, "1");
INSERT INTO TURMA(ID_TURMA, ID_DISCIPLINA, ANO, NUMERO_DE_VAGAS, PERIODO) VALUES(7, 3, "2015", 10, "1");
INSERT INTO TURMA(ID_TURMA, ID_DISCIPLINA, ANO, NUMERO_DE_VAGAS, PERIODO) VALUES(8, 3, "2017", 10, "1");
INSERT INTO TURMA(ID_TURMA, ID_DISCIPLINA, ANO, NUMERO_DE_VAGAS, PERIODO) VALUES(9, 4, "2017", 10, "1");
INSERT INTO TURMA(ID_TURMA, ID_DISCIPLINA, ANO, NUMERO_DE_VAGAS, PERIODO) VALUES(10, 11, "2017", 10, "1");
INSERT INTO TURMA(ID_TURMA, ID_DISCIPLINA, ANO, NUMERO_DE_VAGAS, PERIODO) VALUES(11, 10, "2017", 10, "1");
INSERT INTO TURMA(ID_TURMA, ID_DISCIPLINA, ANO, NUMERO_DE_VAGAS, PERIODO) VALUES(12, 5, "2013", 10, "2");
INSERT INTO TURMA(ID_TURMA, ID_DISCIPLINA, ANO, NUMERO_DE_VAGAS, PERIODO) VALUES(13, 5, "2017", 10, "1");
INSERT INTO TURMA(ID_TURMA, ID_DISCIPLINA, ANO, NUMERO_DE_VAGAS, PERIODO) VALUES(14, 6, "2017", 10, "1");
INSERT INTO TURMA(ID_TURMA, ID_DISCIPLINA, ANO, NUMERO_DE_VAGAS, PERIODO) VALUES(15, 7, "2017", 10, "1");
INSERT INTO TURMA(ID_TURMA, ID_DISCIPLINA, ANO, NUMERO_DE_VAGAS, PERIODO) VALUES(16, 8, "2017", 10, "1");
INSERT INTO TURMA(ID_TURMA, ID_DISCIPLINA, ANO, NUMERO_DE_VAGAS, PERIODO) VALUES(17, 9, "2017", 10, "1");
INSERT INTO TURMA(ID_TURMA, ID_DISCIPLINA, ANO, NUMERO_DE_VAGAS, PERIODO) VALUES(18, 10, "2017", 10, "1");
INSERT INTO TURMA(ID_TURMA, ID_DISCIPLINA, ANO, NUMERO_DE_VAGAS, PERIODO) VALUES(19, 4, "2017", 10, "1");
INSERT INTO TURMA(ID_TURMA, ID_DISCIPLINA, ANO, NUMERO_DE_VAGAS, PERIODO) VALUES(21, 7, "2017", 10, "1");
INSERT INTO TURMA(ID_TURMA, ID_DISCIPLINA, ANO, NUMERO_DE_VAGAS, PERIODO) VALUES(22, 8, "2017", 10, "1");
INSERT INTO TURMA(ID_TURMA, ID_DISCIPLINA, ANO, NUMERO_DE_VAGAS, PERIODO) VALUES(23, 9, "2016", 10, "1");
INSERT INTO TURMA(ID_TURMA, ID_DISCIPLINA, ANO, NUMERO_DE_VAGAS, PERIODO) VALUES(24, 12, "2017", 10, "1");
INSERT INTO MATRICULA(ID_MATRICULA, ID_TURMA, ID_ALUNO, NOTA1, NOTA2, NOTA_FINAL) VALUES(1, 3, 1, 80, 80, 80);
INSERT INTO MATRICULA(ID_MATRICULA, ID_TURMA, ID_ALUNO, NOTA1, NOTA2, NOTA_FINAL) VALUES(2, 3, 2, 80, 80, 80);
INSERT INTO MATRICULA(ID_MATRICULA, ID_TURMA, ID_ALUNO, NOTA1, NOTA2, NOTA_FINAL) VALUES(3, 3, 3, 80, 80, 80);
INSERT INTO MATRICULA(ID_MATRICULA, ID_TURMA, ID_ALUNO, NOTA1, NOTA2, NOTA_FINAL) VALUES(4, 3, 4, 80, 80, 80);
INSERT INTO MATRICULA(ID_MATRICULA, ID_TURMA, ID_ALUNO, NOTA1, NOTA2, NOTA_FINAL) VALUES(4, 3, 5, 80, 80, 80);
INSERT INTO MATRICULA(ID_MATRICULA, ID_TURMA, ID_ALUNO, NOTA1, NOTA2, NOTA_FINAL) VALUES(5, 3, 6, 80, 80, 80);
INSERT INTO MATRICULA(ID_MATRICULA, ID_TURMA, ID_ALUNO, NOTA1, NOTA2, NOTA_FINAL) VALUES(6, 3, 7, 80, 80, 80);
INSERT INTO MATRICULA(ID_MATRICULA, ID_TURMA, ID_ALUNO, NOTA1, NOTA2, NOTA_FINAL) VALUES(7, 3, 8, 80, 80, 80);
INSERT INTO MATRICULA(ID_MATRICULA, ID_TURMA, ID_ALUNO, NOTA1, NOTA2, NOTA_FINAL) VALUES(8, 3, 9, 80, 80, 80);
INSERT INTO MATRICULA(ID_MATRICULA, ID_TURMA, ID_ALUNO, NOTA1, NOTA2, NOTA_FINAL) VALUES(9, 3, 10, 80, 80, 80);
INSERT INTO MATRICULA(ID_MATRICULA, ID_TURMA, ID_ALUNO, NOTA1, NOTA2, NOTA_FINAL) VALUES(10, 3, 11, 80, 80, 80);
INSERT INTO MATRICULA(ID_MATRICULA, ID_TURMA, ID_ALUNO, NOTA1, NOTA2, NOTA_FINAL) VALUES(11, 3, 12, 80, 80, 80);
INSERT INTO MATRICULA(ID_MATRICULA, ID_TURMA, ID_ALUNO, NOTA1, NOTA2, NOTA_FINAL) VALUES(12, 2, 13, 80, 80, 80);
INSERT INTO MATRICULA(ID_MATRICULA, ID_TURMA, ID_ALUNO, NOTA1, NOTA2, NOTA_FINAL) VALUES(13, 2, 14, 80, 80, 80);
INSERT INTO MATRICULA(ID_MATRICULA, ID_TURMA, ID_ALUNO, NOTA1, NOTA2, NOTA_FINAL) VALUES(14, 2, 15, 80, 80, 80);
INSERT INTO MATRICULA(ID_MATRICULA, ID_TURMA, ID_ALUNO, NOTA1, NOTA2, NOTA_FINAL) VALUES(15, 2, 16, 80, 80, 80);
INSERT INTO MATRICULA(ID_MATRICULA, ID_TURMA, ID_ALUNO, NOTA1, NOTA2, NOTA_FINAL) VALUES(16, 7, 17, 80, 80, 80);
INSERT INTO MATRICULA(ID_MATRICULA, ID_TURMA, ID_ALUNO, NOTA1, NOTA2, NOTA_FINAL) VALUES(17, 7, 18, 80, 80, 80);
INSERT INTO MATRICULA(ID_MATRICULA, ID_TURMA, ID_ALUNO, NOTA1, NOTA2, NOTA_FINAL) VALUES(18, 8, 19, 80, 80, 80);
INSERT INTO MATRICULA(ID_MATRICULA, ID_TURMA, ID_ALUNO, NOTA1, NOTA2, NOTA_FINAL) VALUES(19, 8, 20, 80, 80, 80);
INSERT INTO MATRICULA(ID_MATRICULA, ID_TURMA, ID_ALUNO, NOTA1, NOTA2, NOTA_FINAL) VALUES(20, 5, 21, 80, 80, 80);
INSERT INTO MATRICULA(ID_MATRICULA, ID_TURMA, ID_ALUNO, NOTA1, NOTA2, NOTA_FINAL) VALUES(21, 6, 22, 80, 80, 80);
INSERT INTO MATRICULA(ID_MATRICULA, ID_TURMA, ID_ALUNO, NOTA1, NOTA2, NOTA_FINAL) VALUES(22, 1, 23, 80, 80, 80);
INSERT INTO MATRICULA(ID_MATRICULA, ID_TURMA, ID_ALUNO, NOTA1, NOTA2, NOTA_FINAL) VALUES(23, 5, 24, 80, 80, 80);
INSERT INTO MATRICULA(ID_MATRICULA, ID_TURMA, ID_ALUNO, NOTA1, NOTA2, NOTA_FINAL) VALUES(24, 5, 25, 80, 80, 80);
INSERT INTO MATRICULA(ID_MATRICULA, ID_TURMA, ID_ALUNO, NOTA1, NOTA2, NOTA_FINAL) VALUES(25, 5, 26, 80, 80, 80);
INSERT INTO MATRICULA(ID_MATRICULA, ID_TURMA, ID_ALUNO, NOTA1, NOTA2, NOTA_FINAL) VALUES(26, 5, 27, 80, 80, 80);
INSERT INTO MATRICULA(ID_MATRICULA, ID_TURMA, ID_ALUNO, NOTA1, NOTA2, NOTA_FINAL) VALUES(27, 4, 28, 80, 80, 80);
INSERT INTO MATRICULA(ID_MATRICULA, ID_TURMA, ID_ALUNO, NOTA1, NOTA2, NOTA_FINAL) VALUES(28, 4, 29, 80, 80, 80);
INSERT INTO MATRICULA(ID_MATRICULA, ID_TURMA, ID_ALUNO, NOTA1, NOTA2, NOTA_FINAL) VALUES(29, 4, 30, 80, 80, 80);
INSERT INTO MATRICULA(ID_MATRICULA, ID_TURMA, ID_ALUNO, NOTA1, NOTA2, NOTA_FINAL) VALUES(30, 4, 31, 80, 80, 80);
INSERT INTO MATRICULA(ID_MATRICULA, ID_TURMA, ID_ALUNO, NOTA1, NOTA2, NOTA_FINAL) VALUES(31, 4, 32, 80, 80, 80);
INSERT INTO MATRICULA(ID_MATRICULA, ID_TURMA, ID_ALUNO, NOTA1, NOTA2, NOTA_FINAL) VALUES(32, 5, 34, 40, 40, 40);
INSERT INTO MATRICULA(ID_MATRICULA, ID_TURMA, ID_ALUNO, NOTA1, NOTA2, NOTA_FINAL) VALUES(35, 10, 23, 80, 80, 80);
INSERT INTO MATRICULA(ID_MATRICULA, ID_TURMA, ID_ALUNO, NOTA1, NOTA2, NOTA_FINAL) VALUES(36, 10, 24, 80, 80, 80);
INSERT INTO MATRICULA(ID_MATRICULA, ID_TURMA, ID_ALUNO, NOTA1, NOTA2, NOTA_FINAL) VALUES(37, 10, 25, 80, 80, 80);
INSERT INTO MATRICULA(ID_MATRICULA, ID_TURMA, ID_ALUNO, NOTA1, NOTA2, NOTA_FINAL) VALUES(38, 10, 26, 80, 80, 80);
INSERT INTO MATRICULA(ID_MATRICULA, ID_TURMA, ID_ALUNO, NOTA1, NOTA2, NOTA_FINAL) VALUES(39, 10, 27, 80, 80, 80);
INSERT INTO MATRICULA(ID_MATRICULA, ID_TURMA, ID_ALUNO, NOTA1, NOTA2, NOTA_FINAL) VALUES(40, 10, 28, 80, 80, 80);
INSERT INTO MATRICULA(ID_MATRICULA, ID_TURMA, ID_ALUNO, NOTA1, NOTA2, NOTA_FINAL) VALUES(41, 10, 29, 80, 80, 80);
INSERT INTO MATRICULA(ID_MATRICULA, ID_TURMA, ID_ALUNO, NOTA1, NOTA2, NOTA_FINAL) VALUES(42, 10, 31, 80, 80, 80);
INSERT INTO MATRICULA(ID_MATRICULA, ID_TURMA, ID_ALUNO, NOTA1, NOTA2, NOTA_FINAL) VALUES(43, 10, 30, 80, 80, 80);